score,hotness,uniqueness,log
0.09381300858317684,0.1316673804676166,0.7125,"2023-04-27 02:35:50,358 WARN org.apache.hadoop.util.JvmPauseMonitor: Detected pause in JVM or host machine (eg GC): pause of approximately 29567ms"
0.07621315955529266,0.1316684191293175,0.5788264191160393,"2023-04-27 02:35:51,993 INFO mapred.LocalDistributedCacheManager: Creating symlink: /tmp/hadoop-jjwong0915/mapred/local/1682562951821/_partition.lst <- /home/jjwong0915/perf-dx/reproduce/automated/HADOOP-9106/_partition.lst"
0.07603696563015296,0.1316684191293175,0.5774882552168688,"2023-04-27 02:35:51,362 INFO impl.MetricsSystemImpl: Scheduled snapshot period at 10 second(s)."
0.07349727033199539,0.1316676463540892,0.5582029630448603,"2023-04-27 02:36:02,314 INFO org.apache.hadoop.hdfs.server.namenode.TransferFsImage: Combined time for fsimage download and fsync to all disks took 0.00s. The fsimage download took 0.00s at 0.00 KB/s. Synchronous (fsync) write to disk of /tmp/hadoop-jjwong0915/dfs/name/current/fsimage.ckpt_0000000000000000043 took 0.00s."
0.06483479212233931,0.1316676463540892,0.4924124788255223,"2023-04-27 02:36:02,320 INFO org.apache.hadoop.hdfs.server.namenode.NNStorageRetentionManager: Going to retain 2 images with txid >= 0"
0.06169687262435592,0.1316684191293175,0.4685776060222963,"2023-04-27 02:35:51,263 INFO impl.MetricsConfig: loaded properties from hadoop-metrics2.properties"
0.05950467769821043,0.09598329623462021,0.6199482621721809,"2023-04-27 02:36:40,797 INFO reduce.MergeManagerImpl: MergerManager: memoryLimit=1297350656, maxSingleShuffleLimit=324337664, mergeThreshold=856251456, ioSortFactor=10, memToMemMergeOutputsThreshold=10"
0.05898973414419367,0.09598329623462021,0.6145833333333334,"2023-04-27 02:36:40,779 WARN impl.MetricsSystemImpl: JobTracker metrics system already initialized!"
0.058604519903290096,0.13053967850971185,0.4489402806283919,"2023-04-27 02:35:52,125 INFO mapred.LocalJobRunner: OutputCommitter set in config null"
0.056150001405462,0.13166837585982694,0.42645017103604915,"2023-04-27 02:36:43,788 INFO reduce.EventFetcher: EventFetcher is interrupted.. Returning"
0.05592612825623669,0.1316684191293175,0.4247497511252802,"2023-04-27 02:35:51,514 INFO mapreduce.JobSubmitter: number of splits:8"
0.050727544298686894,0.1316676463540892,0.38526962168266515,"2023-04-27 02:36:02,314 INFO org.apache.hadoop.hdfs.server.namenode.TransferFsImage: Downloaded file fsimage.ckpt_0000000000000000043 size 917 bytes."
0.049428985872317796,0.09598386461668508,0.5149718243760467,"2023-04-27 02:36:51,100 INFO Configuration.deprecation: mapred.skip.on is deprecated. Instead, use mapreduce.job.skiprecords"
0.04696823697814915,0.13053967850971185,0.3598004646124115,"2023-04-27 02:35:52,121 INFO mapreduce.Job: The url to track the job: http://localhost:8080/"
0.04606007028897267,0.131668456216893,0.3498185640841681,"2023-04-27 02:36:42,703 INFO reduce.MergeThread: InMemoryMerger - Thread to merge in-memory shuffled map-outputs: Starting merge with 7 segments, while ignoring 0 segments"
0.04551244028268971,0.1316684191293175,0.34565950273914875,"2023-04-27 02:35:51,362 INFO impl.MetricsSystemImpl: JobTracker metrics system started"
0.04373813789223738,0.1316684191293175,0.33218396773853703,"2023-04-27 02:35:51,624 INFO mapreduce.JobSubmitter: Submitting tokens for job: job_local1225399970_0001"
0.04304664438124453,0.131668456216893,0.32693209610003515,"2023-04-27 02:36:42,703 INFO reduce.MergeManagerImpl: Starting inMemoryMerger's merge since commitMemory=900413606 > mergeThreshold=856251456. Current usedMemory=900413606"
0.041744343733957315,0.09597991174059495,0.4349279237386654,"2023-04-27 02:36:00,651 INFO org.apache.hadoop.hdfs.server.namenode.FileJournalManager: Finalizing edits file /tmp/hadoop-jjwong0915/dfs/name/current/edits_inprogress_0000000000000000001 -> /tmp/hadoop-jjwong0915/dfs/name/current/edits_0000000000000000001-0000000000000000043"
0.03992294750306832,0.1316684191293175,0.3032082238631436,"2023-04-27 02:35:51,999 INFO mapred.LocalDistributedCacheManager: Localized hdfs://localhost:9000/output/_partition.lst as file:/tmp/hadoop-jjwong0915/mapred/local/1682562951821/_partition.lst"
0.037084191973509505,0.13054108549622795,0.284080615942029,"2023-04-27 02:35:51,202 INFO org.apache.hadoop.hdfs.StateChange: DIR* completeFile: /output/_partition.lst is closed by DFSClient_NONMAPREDUCE_-726048446_1"
0.03547973611879799,0.09598329623462021,0.36964490188034205,"2023-04-27 02:36:40,778 INFO mapred.ReduceTask: Using ShuffleConsumerPlugin: org.apache.hadoop.mapreduce.task.reduce.Shuffle@3d9a467b"
0.03521446157248061,0.09598329623462021,0.3668811444691676,"2023-04-27 02:36:40,800 INFO reduce.EventFetcher: attempt_local1225399970_0001_r_000000_0 Thread started: EventFetcher for fetching Map Completion Events"
0.03515128932604983,0.1158106539309843,0.30352379623896897,"2023-04-27 02:35:53,129 INFO mapreduce.Job: Job job_local1225399970_0001 running in uber mode : false"
0.03380978802489364,0.09597991174059495,0.3522590030742205,"2023-04-27 02:36:00,648 INFO org.apache.hadoop.hdfs.server.namenode.FSNamesystem: Roll Edit Log from 127.0.0.1"
0.033735267373401635,0.13166837585982694,0.25621389459011723,"2023-04-27 02:36:43,789 INFO mapred.LocalJobRunner: 8 / 8 copied."
0.028521296388971898,0.1188408532549388,0.2399957220753681,"2023-04-27 02:35:50,490 INFO input.FileInputFormat: Total input files to process : 1"
0.026703717509214814,0.09597991174059495,0.27822194274763445,"2023-04-27 02:36:00,649 INFO org.apache.hadoop.hdfs.server.namenode.FSEditLog: Rolling edit logs"
0.02426864004690039,0.13166821513842464,0.1843166175024582,"2023-04-27 02:35:21,027 INFO terasort.TeraSort: starting"
0.02314535338704976,0.09597991174059495,0.24114789196310935,"2023-04-27 02:36:00,742 INFO org.apache.hadoop.hdfs.server.namenode.FSEditLog: Starting log segment at 44"
0.02088675316129997,0.09597991174059495,0.21761588214157385,"2023-04-27 02:36:00,649 INFO org.apache.hadoop.hdfs.server.namenode.FSEditLog: Ending log segment 1"
0.020884968252049184,0.13053967850971185,0.15998942613065645,"2023-04-27 02:35:52,129 INFO mapred.LocalJobRunner: OutputCommitter is org.apache.hadoop.mapreduce.lib.output.FileOutputCommitter"
0.020854458124535086,0.13053967850971185,0.15975570311354462,"2023-04-27 02:35:52,162 INFO mapred.LocalJobRunner: Waiting for map tasks"
0.020593634938092954,0.13166837585982694,0.15640532362924237,"2023-04-27 02:36:43,442 INFO reduce.MergeManagerImpl: Initiating in-memory merge with 7 segments..."
0.018121838053606454,0.09597991174059495,0.18880865511300293,"2023-04-27 02:36:00,649 INFO org.apache.hadoop.hdfs.server.namenode.FSEditLog: Number of transactions: 43 Total time for transactions(ms): 32 Number of transactions batched in Syncs: 22 Number of syncs: 21 SyncTimes(ms): 581"
0.018121838053606454,0.09597991174059495,0.18880865511300293,"2023-04-27 02:36:00,650 INFO org.apache.hadoop.hdfs.server.namenode.FSEditLog: Number of transactions: 43 Total time for transactions(ms): 32 Number of transactions batched in Syncs: 22 Number of syncs: 22 SyncTimes(ms): 582"
0.01538850028668326,0.09598329623462021,0.16032477410515084,"2023-04-27 02:36:40,765 INFO mapred.LocalJobRunner: Waiting for reduce tasks"
0.01498956865509065,0.13053967850971185,0.1148276817149926,"2023-04-27 02:35:52,125 INFO mapreduce.Job: Running job: job_local1225399970_0001"
0.0140403035169997,0.06937034243668798,0.20239634148863864,"2023-04-27 02:36:50,825 INFO reduce.MergeManagerImpl: Merged 1 segments, 139586410 bytes to disk to satisfy reduce memory limit"
0.012899977079376991,0.04486363950015149,0.28753746292325283,"2023-04-27 02:36:49,991 INFO reduce.MergeManagerImpl: finalMerge called with 1 in-memory map-outputs and 1 on-disk map-outputs"
0.012195981810863999,0.1317166035573312,0.09259259259259259,"2023-04-27 02:36:52,809 INFO org.apache.hadoop.hdfs.server.datanode.DataNode.clienttrace: src: /127.0.0.1:35790, dest: /127.0.0.1:9866, bytes: 134217728, op: HDFS_WRITE, cliID: DFSClient_NONMAPREDUCE_-726048446_1, offset: 0, srvID: 23913617-7dfa-4524-b05f-08da4267fd29, blockid: BP-1357873352-10.142.0.8-1682562890108:blk_1073741833_1009, duration: 1462184036"
0.012142316171286425,0.09598329623462021,0.12650447158645103,"2023-04-27 02:36:40,761 INFO mapred.LocalJobRunner: map task executor complete."
0.010902636651699077,0.06937034243668798,0.1571656743895931,"2023-04-27 02:36:50,826 INFO reduce.MergeManagerImpl: Merging 0 segments, 0 bytes from memory into reduce"
0.010708395856598005,0.11565067525125847,0.09259259259259259,"2023-04-27 02:36:54,333 INFO org.apache.hadoop.hdfs.server.datanode.DataNode.clienttrace: src: /127.0.0.1:35800, dest: /127.0.0.1:9866, bytes: 134217728, op: HDFS_WRITE, cliID: DFSClient_NONMAPREDUCE_-726048446_1, offset: 0, srvID: 23913617-7dfa-4524-b05f-08da4267fd29, blockid: BP-1357873352-10.142.0.8-1682562890108:blk_1073741834_1010, duration: 1513898319"
0.010256946458396926,0.13053967850971185,0.0785734006356836,"2023-04-27 02:35:52,127 INFO output.FileOutputCommitter: FileOutputCommitter skip cleanup _temporary folders under output directory:false, ignore cleanup failures: false"
0.010256946458396926,0.13053967850971185,0.0785734006356836,"2023-04-27 02:35:52,185 INFO output.FileOutputCommitter: FileOutputCommitter skip cleanup _temporary folders under output directory:false, ignore cleanup failures: false"
0.009878745266799839,0.1317166035573312,0.075,"2023-04-27 02:36:52,809 INFO org.apache.hadoop.hdfs.server.datanode.DataNode: PacketResponder: BP-1357873352-10.142.0.8-1682562890108:blk_1073741833_1009, type=LAST_IN_PIPELINE terminating"
0.00940118201609078,0.04486363950015149,0.20955014173691894,"2023-04-27 02:36:49,991 INFO reduce.MergeManagerImpl: attempt_local1225399970_0001_r_000000_0 Merge of the 7 files in-memory complete. Local file is /tmp/hadoop-jjwong0915/mapred/local/localRunner/jjwong0915/jobcache/job_local1225399970_0001/attempt_local1225399970_0001_r_000000_0/output/map_7.out.merged of size 900413598"
0.009256857842399165,0.13053967850971185,0.07091221571922651,"2023-04-27 02:35:52,208 INFO mapred.MapTask: Processing split: hdfs://localhost:9000/input/part-m-00000:0+134217728"
0.008673800643844385,0.11565067525125847,0.075,"2023-04-27 02:36:54,333 INFO org.apache.hadoop.hdfs.server.datanode.DataNode: PacketResponder: BP-1357873352-10.142.0.8-1682562890108:blk_1073741834_1010, type=LAST_IN_PIPELINE terminating"
0.008493678699281101,0.0917317299522359,0.09259259259259259,"2023-04-27 02:36:55,804 INFO org.apache.hadoop.hdfs.server.datanode.DataNode.clienttrace: src: /127.0.0.1:35808, dest: /127.0.0.1:9866, bytes: 134217728, op: HDFS_WRITE, cliID: DFSClient_NONMAPREDUCE_-726048446_1, offset: 0, srvID: 23913617-7dfa-4524-b05f-08da4267fd29, blockid: BP-1357873352-10.142.0.8-1682562890108:blk_1073741835_1011, duration: 1459752248"
0.008394353373971285,0.06937034243668798,0.12100781225972083,"2023-04-27 02:36:50,825 INFO reduce.MergeManagerImpl: Merging 2 files, 1040000012 bytes from disk"
0.008110461338072902,0.13053967850971185,0.06213023833569119,"2023-04-27 02:35:52,254 INFO mapred.MapTask: Map output collector class = org.apache.hadoop.mapred.MapTask$MapOutputBuffer"
0.00793130736360332,0.13053967850971185,0.06075782822625267,"2023-04-27 02:35:52,127 INFO output.FileOutputCommitter: File Output Committer Algorithm version is 2"
0.00793130736360332,0.13053967850971185,0.06075782822625267,"2023-04-27 02:35:52,183 INFO output.FileOutputCommitter: File Output Committer Algorithm version is 2"
0.007864298413389582,0.13053967850971185,0.06024450575619041,"2023-04-27 02:35:52,249 INFO mapred.MapTask: soft limit at 83886080"
0.0078112372005967505,0.13166837585982694,0.05932508204485281,"2023-04-27 02:36:43,461 INFO mapred.Merger: Down to the last merge-pass, with 7 segments left of total size: 900413515 bytes"
0.007767080686085896,0.131668456216893,0.05898968446391934,"2023-04-27 02:36:42,208 INFO reduce.MergeManagerImpl: closeInMemoryFile -> map-output of size: 139586410, inMemoryMapOutputs.size() -> 4, commitMemory -> 342067758, usedMemory ->481654168"
0.007767080686085896,0.131668456216893,0.05898968446391934,"2023-04-27 02:36:42,374 INFO reduce.MergeManagerImpl: closeInMemoryFile -> map-output of size: 139586514, inMemoryMapOutputs.size() -> 5, commitMemory -> 481654168, usedMemory ->621240682"
0.007767080686085896,0.131668456216893,0.05898968446391934,"2023-04-27 02:36:42,541 INFO reduce.MergeManagerImpl: closeInMemoryFile -> map-output of size: 139586514, inMemoryMapOutputs.size() -> 6, commitMemory -> 621240682, usedMemory ->760827196"
0.007767080686085896,0.131668456216893,0.05898968446391934,"2023-04-27 02:36:42,703 INFO reduce.MergeManagerImpl: closeInMemoryFile -> map-output of size: 139586410, inMemoryMapOutputs.size() -> 7, commitMemory -> 760827196, usedMemory ->900413606"
0.007767075945847925,0.13166837585982694,0.05898968446391934,"2023-04-27 02:36:43,787 INFO reduce.MergeManagerImpl: closeInMemoryFile -> map-output of size: 139586410, inMemoryMapOutputs.size() -> 1, commitMemory -> 0, usedMemory ->1040000016"
0.007541733989376315,0.09598329623462021,0.0785734006356836,"2023-04-27 02:36:40,771 INFO output.FileOutputCommitter: FileOutputCommitter skip cleanup _temporary folders under output directory:false, ignore cleanup failures: false"
0.007352212061258261,0.131668456216893,0.05583882634081477,"2023-04-27 02:36:42,230 INFO reduce.LocalFetcher: localfetcher#1 about to shuffle output of map attempt_local1225399970_0001_m_000003_0 decomp: 139586514 len: 139586518 to MEMORY"
0.007352212061258261,0.131668456216893,0.05583882634081477,"2023-04-27 02:36:42,397 INFO reduce.LocalFetcher: localfetcher#1 about to shuffle output of map attempt_local1225399970_0001_m_000000_0 decomp: 139586514 len: 139586518 to MEMORY"
0.007352212061258261,0.131668456216893,0.05583882634081477,"2023-04-27 02:36:42,563 INFO reduce.LocalFetcher: localfetcher#1 about to shuffle output of map attempt_local1225399970_0001_m_000002_0 decomp: 139586410 len: 139586414 to MEMORY"
0.007352207574214004,0.13166837585982694,0.05583882634081477,"2023-04-27 02:36:43,461 INFO reduce.LocalFetcher: localfetcher#1 about to shuffle output of map attempt_local1225399970_0001_m_000005_0 decomp: 139586410 len: 139586414 to MEMORY"
0.0070103910831675826,0.11884096595660625,0.05898968446391934,"2023-04-27 02:36:41,248 INFO reduce.MergeManagerImpl: closeInMemoryFile -> map-output of size: 139586410, inMemoryMapOutputs.size() -> 2, commitMemory -> 62894938, usedMemory ->202481348"
0.0070103910831675826,0.11884096595660625,0.05898968446391934,"2023-04-27 02:36:41,437 INFO reduce.MergeManagerImpl: closeInMemoryFile -> map-output of size: 139586410, inMemoryMapOutputs.size() -> 3, commitMemory -> 202481348, usedMemory ->342067758"
0.006879879746417693,0.0917317299522359,0.075,"2023-04-27 02:36:55,804 INFO org.apache.hadoop.hdfs.server.datanode.DataNode: PacketResponder: BP-1357873352-10.142.0.8-1682562890108:blk_1073741835_1011, type=LAST_IN_PIPELINE terminating"
0.006860239768610999,0.1317166035573312,0.05208333333333333,"2023-04-27 02:36:52,817 INFO org.apache.hadoop.hdfs.server.datanode.DataNode: Receiving BP-1357873352-10.142.0.8-1682562890108:blk_1073741834_1010 src: /127.0.0.1:35800 dest: /127.0.0.1:9866"
0.006635940060225617,0.11884096595660625,0.05583882634081477,"2023-04-27 02:36:41,271 INFO reduce.LocalFetcher: localfetcher#1 about to shuffle output of map attempt_local1225399970_0001_m_000001_0 decomp: 139586410 len: 139586414 to MEMORY"
0.006635940060225617,0.11884096595660625,0.05583882634081477,"2023-04-27 02:36:41,941 INFO reduce.LocalFetcher: localfetcher#1 about to shuffle output of map attempt_local1225399970_0001_m_000006_0 decomp: 139586410 len: 139586414 to MEMORY"
0.006197307653953318,0.1189883069559037,0.05208333333333333,"2023-04-27 02:36:51,344 INFO org.apache.hadoop.hdfs.server.datanode.DataNode: Receiving BP-1357873352-10.142.0.8-1682562890108:blk_1073741833_1009 src: /127.0.0.1:35790 dest: /127.0.0.1:9866"
0.0061883793329558495,0.13166837585982694,0.04699973925055434,"2023-04-27 02:36:43,442 INFO mapred.Merger: Merging 7 sorted segments"
0.0061829135617322666,0.131668456216893,0.046958198944380136,"2023-04-27 02:36:42,208 INFO reduce.InMemoryMapOutput: Read 139586410 bytes from map-output for attempt_local1225399970_0001_m_000006_0"
0.0061829135617322666,0.131668456216893,0.046958198944380136,"2023-04-27 02:36:42,374 INFO reduce.InMemoryMapOutput: Read 139586514 bytes from map-output for attempt_local1225399970_0001_m_000003_0"
0.0061829135617322666,0.131668456216893,0.046958198944380136,"2023-04-27 02:36:42,541 INFO reduce.InMemoryMapOutput: Read 139586514 bytes from map-output for attempt_local1225399970_0001_m_000000_0"
0.0061829135617322666,0.131668456216893,0.046958198944380136,"2023-04-27 02:36:42,703 INFO reduce.InMemoryMapOutput: Read 139586410 bytes from map-output for attempt_local1225399970_0001_m_000002_0"
0.006182909788309173,0.13166837585982694,0.046958198944380136,"2023-04-27 02:36:43,787 INFO reduce.InMemoryMapOutput: Read 139586410 bytes from map-output for attempt_local1225399970_0001_m_000005_0"
0.00614452684143681,0.13053967850971185,0.0470701851849564,"2023-04-27 02:35:52,205 INFO mapred.Task:  Using ResourceCalculatorProcessTree : [ ]"
0.006023472669336378,0.11565067525125847,0.05208333333333333,"2023-04-27 02:36:54,342 INFO org.apache.hadoop.hdfs.server.datanode.DataNode: Receiving BP-1357873352-10.142.0.8-1682562890108:blk_1073741835_1011 src: /127.0.0.1:35808 dest: /127.0.0.1:9866"
0.005831736625212579,0.09598329623462021,0.06075782822625267,"2023-04-27 02:36:40,771 INFO output.FileOutputCommitter: File Output Committer Algorithm version is 2"
0.005662024358687143,0.09598329623462021,0.05898968446391934,"2023-04-27 02:36:40,932 INFO reduce.MergeManagerImpl: closeInMemoryFile -> map-output of size: 62894938, inMemoryMapOutputs.size() -> 1, commitMemory -> 0, usedMemory ->62894938"
0.005661544726810975,0.13053967850971185,0.04337029776268194,"2023-04-27 02:35:52,249 INFO mapred.MapTask: mapreduce.task.io.sort.mb: 100"
0.005580557722132623,0.11884096595660625,0.046958198944380136,"2023-04-27 02:36:41,247 INFO reduce.InMemoryMapOutput: Read 139586410 bytes from map-output for attempt_local1225399970_0001_m_000004_0"
0.005580557722132623,0.11884096595660625,0.046958198944380136,"2023-04-27 02:36:41,437 INFO reduce.InMemoryMapOutput: Read 139586410 bytes from map-output for attempt_local1225399970_0001_m_000001_0"
0.005359594610063938,0.09598329623462021,0.05583882634081477,"2023-04-27 02:36:40,852 INFO reduce.LocalFetcher: localfetcher#1 about to shuffle output of map attempt_local1225399970_0001_m_000007_0 decomp: 62894938 len: 62894942 to MEMORY"
0.005359594610063938,0.09598329623462021,0.05583882634081477,"2023-04-27 02:36:40,958 INFO reduce.LocalFetcher: localfetcher#1 about to shuffle output of map attempt_local1225399970_0001_m_000004_0 decomp: 139586410 len: 139586414 to MEMORY"
0.004777694268345619,0.0917317299522359,0.05208333333333333,"2023-04-27 02:36:55,993 INFO org.apache.hadoop.hdfs.server.datanode.DataNode: Receiving BP-1357873352-10.142.0.8-1682562890108:blk_1073741836_1012 src: /127.0.0.1:37488 dest: /127.0.0.1:9866"
0.004517951528426102,0.09598329623462021,0.0470701851849564,"2023-04-27 02:36:40,771 INFO mapred.Task:  Using ResourceCalculatorProcessTree : [ ]"
0.0045072027199226684,0.09598329623462021,0.046958198944380136,"2023-04-27 02:36:40,928 INFO reduce.InMemoryMapOutput: Read 62894938 bytes from map-output for attempt_local1225399970_0001_m_000007_0"
0.004233667801540771,0.09598329623462021,0.04410838101654744,"2023-04-27 02:36:40,757 INFO mapred.Task: Task:attempt_local1225399970_0001_m_000007_0 is done. And is in the process of committing"
0.004115401256536049,0.06937034243668798,0.05932508204485281,"2023-04-27 02:36:50,827 INFO mapred.Merger: Down to the last merge-pass, with 2 segments left of total size: 1039999978 bytes"
0.0038288982295326063,0.04135210087895215,0.09259259259259259,"2023-04-27 02:36:57,308 INFO org.apache.hadoop.hdfs.server.datanode.DataNode.clienttrace: src: /127.0.0.1:37488, dest: /127.0.0.1:9866, bytes: 134217728, op: HDFS_WRITE, cliID: DFSClient_NONMAPREDUCE_-726048446_1, offset: 0, srvID: 23913617-7dfa-4524-b05f-08da4267fd29, blockid: BP-1357873352-10.142.0.8-1682562890108:blk_1073741836_1012, duration: 1313882460"
0.0036469341638371983,0.06531239908830332,0.05583831270547098,"2023-04-27 02:35:55,799 INFO mapred.MapTask: (RESET) equator 75355282 kv 18838816(75355264) kvi 18127932(72511728)"
0.003525050612484669,0.04486315450223482,0.0785734006356836,"2023-04-27 02:36:38,728 INFO output.FileOutputCommitter: FileOutputCommitter skip cleanup _temporary folders under output directory:false, ignore cleanup failures: false"
0.0032603880062459993,0.06937034243668798,0.04699973925055434,"2023-04-27 02:36:50,826 INFO mapred.Merger: Merging 2 sorted segments"
0.0032401504895922034,0.1158106539309843,0.02797800012011956,"2023-04-27 02:35:53,167 INFO mapred.MapTask: bufstart = 0; bufend = 72511698; bufvoid = 104857600"
0.0032401504895922034,0.1158106539309843,0.02797800012011956,"2023-04-27 02:35:53,167 INFO mapred.MapTask: kvstart = 26214396(104857584); kvend = 23370804(93483216); length = 2843593/6553600"
0.0031813456899074635,0.04486315450223482,0.07091221571922651,"2023-04-27 02:36:38,730 INFO mapred.MapTask: Processing split: hdfs://localhost:9000/input/part-m-00000:939524096+60475904"
0.0031014075659214113,0.04135210087895215,0.075,"2023-04-27 02:36:57,308 INFO org.apache.hadoop.hdfs.server.datanode.DataNode: PacketResponder: BP-1357873352-10.142.0.8-1682562890108:blk_1073741836_1012, type=LAST_IN_PIPELINE terminating"
0.0030124733392146432,0.09598329623462021,0.03138539159825264,"2023-04-27 02:36:40,765 INFO mapred.LocalJobRunner: Starting task: attempt_local1225399970_0001_r_000000_0"
0.00283300737430245,0.09598329623462021,0.029515629129650715,"2023-04-27 02:36:40,756 INFO mapred.MapTask: Finished spill 0"
0.0027873584817147863,0.04486315450223482,0.06213023833569119,"2023-04-27 02:36:38,751 INFO mapred.MapTask: Map output collector class = org.apache.hadoop.mapred.MapTask$MapOutputBuffer"
0.002745351344180754,0.13053967850971185,0.02103078064480223,"2023-04-27 02:35:52,249 INFO mapred.MapTask: (EQUATOR) 0 kvi 26214396(104857584)"
0.002725787834934617,0.04486315450223482,0.06075782822625267,"2023-04-27 02:36:38,728 INFO output.FileOutputCommitter: File Output Committer Algorithm version is 2"
0.0027027585696507454,0.04486315450223482,0.06024450575619041,"2023-04-27 02:36:38,750 INFO mapred.MapTask: soft limit at 83886080"
0.0026615390941771865,0.04486363950015149,0.05932508204485281,"2023-04-27 02:36:49,993 INFO mapred.Merger: Down to the last merge-pass, with 1 segments left of total size: 139586397 bytes"
0.002642157922433946,0.13053967850971185,0.020240266810810138,"2023-04-27 02:35:52,249 INFO mapred.MapTask: bufstart = 0; bufvoid = 104857600"
0.002642157922433946,0.13053967850971185,0.020240266810810138,"2023-04-27 02:35:52,249 INFO mapred.MapTask: kvstart = 26214396; length = 6553600"
0.0024601884997694076,0.09598329623462021,0.025631423344284383,"2023-04-27 02:36:40,761 INFO mapred.LocalJobRunner: Finishing task: attempt_local1225399970_0001_m_000007_0"
0.002435588459153634,0.1158106539309843,0.02103078064480223,"2023-04-27 02:35:53,167 INFO mapred.MapTask: (EQUATOR) 75355282 kvi 18838816(75355264)"
0.0023487396633822414,0.13053967850971185,0.017992534455395497,"2023-04-27 02:35:52,163 INFO mapred.LocalJobRunner: Starting task: attempt_local1225399970_0001_m_000000_0"
0.00217610780619902,0.023501964306949417,0.09259259259259259,"2023-04-27 02:36:58,679 INFO org.apache.hadoop.hdfs.server.datanode.DataNode.clienttrace: src: /127.0.0.1:37502, dest: /127.0.0.1:9866, bytes: 134217728, op: HDFS_WRITE, cliID: DFSClient_NONMAPREDUCE_-726048446_1, offset: 0, srvID: 23913617-7dfa-4524-b05f-08da4267fd29, blockid: BP-1357873352-10.142.0.8-1682562890108:blk_1073741837_1013, duration: 1361652097"
0.002164497181589869,0.1316685922002533,0.016438978692032414,"2023-04-27 02:36:53,444 INFO mapreduce.Job:  map 100% reduce 71%"
0.002153755254112091,0.04135210087895215,0.05208333333333333,"2023-04-27 02:36:57,315 INFO org.apache.hadoop.hdfs.server.datanode.DataNode: Receiving BP-1357873352-10.142.0.8-1682562890108:blk_1073741837_1013 src: /127.0.0.1:37502 dest: /127.0.0.1:9866"
0.0021117169904015035,0.04486315450223482,0.0470701851849564,"2023-04-27 02:36:38,729 INFO mapred.Task:  Using ResourceCalculatorProcessTree : [ ]"
0.00210857935833799,0.04486363950015149,0.04699973925055434,"2023-04-27 02:36:49,992 INFO mapred.Merger: Merging 1 sorted segments"
0.002026838604101638,0.0693697620796317,0.029217897587351778,"2023-04-27 02:36:39,083 INFO mapred.MapTask: Starting flush of map output"
0.0020010289202063557,0.1158106539309843,0.017278452821783048,"2023-04-27 02:35:53,167 INFO mapred.MapTask: Spilling map output"
0.001978841112388809,0.04486315450223482,0.04410838101654744,"2023-04-27 02:36:38,723 INFO mapred.Task: Task:attempt_local1225399970_0001_m_000006_0 is done. And is in the process of committing"
0.0019536241071011996,0.11884096595660625,0.016438978692032414,"2023-04-27 02:36:41,346 INFO mapreduce.Job:  map 100% reduce 0%"
0.001945728369335129,0.04486315450223482,0.04337029776268194,"2023-04-27 02:36:38,750 INFO mapred.MapTask: mapreduce.task.io.sort.mb: 100"
0.001940827211796601,0.0693697620796317,0.02797800012011956,"2023-04-27 02:36:39,084 INFO mapred.MapTask: bufstart = 0; bufend = 61685418; bufvoid = 104857600"
0.001940827211796601,0.0693697620796317,0.02797800012011956,"2023-04-27 02:36:39,084 INFO mapred.MapTask: kvstart = 26214396(104857584); kvend = 23795364(95181456); length = 2419033/6553600"
0.0019277365490580982,0.06531239908830332,0.029515629129650715,"2023-04-27 02:35:55,798 INFO mapred.MapTask: Finished spill 0"
0.001903808872281791,0.1158106539309843,0.016438978692032414,"2023-04-27 02:35:53,130 INFO mapreduce.Job:  map 0% reduce 0%"
0.001764923186579953,0.09598329623462021,0.018387815961912787,"2023-04-27 02:36:40,761 INFO mapred.Task: Task 'attempt_local1225399970_0001_m_000007_0' done."
0.0017626473230212061,0.023501964306949417,0.075,"2023-04-27 02:36:58,679 INFO org.apache.hadoop.hdfs.server.datanode.DataNode: PacketResponder: BP-1357873352-10.142.0.8-1682562890108:blk_1073741837_1013, type=LAST_IN_PIPELINE terminating"
0.0015402556642869461,0.025962975712742104,0.05932508204485281,"2023-04-27 02:36:37,238 INFO mapred.Merger: Down to the last merge-pass, with 2 segments left of total size: 139586394 bytes"
0.0015113703448915532,0.0919382142410148,0.016438978692032414,"2023-04-27 02:36:56,445 INFO mapreduce.Job:  map 100% reduce 80%"
0.0014821830249371756,0.09193913579728787,0.016121350413877817,"2023-04-27 02:36:46,774 INFO mapred.LocalJobRunner: reduce > sort"
0.0012240606409869488,0.023501964306949417,0.05208333333333333,"2023-04-27 02:36:58,686 INFO org.apache.hadoop.hdfs.server.datanode.DataNode: Receiving BP-1357873352-10.142.0.8-1682562890108:blk_1073741838_1014 src: /127.0.0.1:37504 dest: /127.0.0.1:9866"
0.0012202530886673542,0.025962975712742104,0.04699973925055434,"2023-04-27 02:36:37,238 INFO mapred.Merger: Merging 2 sorted segments"
0.0012130696776149017,0.04151803441668681,0.029217897587351778,"2023-04-27 02:35:56,196 INFO mapred.MapTask: Starting flush of map output"
0.001198602161351231,0.0693697620796317,0.017278452821783048,"2023-04-27 02:36:39,083 INFO mapred.MapTask: Spilling map output"
0.0011615915718971917,0.04151803441668681,0.02797800012011956,"2023-04-27 02:35:56,196 INFO mapred.MapTask: bufstart = 75355282; bufend = 34888140; bufvoid = 104857600"
0.0011615915718971917,0.04151803441668681,0.02797800012011956,"2023-04-27 02:35:56,196 INFO mapred.MapTask: kvstart = 18838816(75355264); kvend = 16313704(65254816); length = 2525113/6553600"
0.0011569233637872204,0.11884137919290093,0.009735021350680606,"2023-04-27 02:36:52,777 INFO mapred.LocalJobRunner: reduce > reduce"
0.0011499065056068186,0.04486315450223482,0.025631423344284383,"2023-04-27 02:36:38,727 INFO mapred.LocalJobRunner: Finishing task: attempt_local1225399970_0001_m_000006_0"
0.0011403680406984237,0.0693697620796317,0.016438978692032414,"2023-04-27 02:36:39,344 INFO mapreduce.Job:  map 88% reduce 0%"
0.0011274136555451523,0.11581008555942524,0.009735021350680606,"2023-04-27 02:36:55,778 INFO mapred.LocalJobRunner: reduce > reduce"
0.0011183435987525457,0.06937034243668798,0.016121350413877817,"2023-04-27 02:36:50,827 INFO mapred.LocalJobRunner: reduce > sort"
0.0010736721244120515,0.06531258081941764,0.016438978692032414,"2023-04-27 02:36:47,441 INFO mapreduce.Job:  map 100% reduce 33%"
0.0009435071613703721,0.04486315450223482,0.02103078064480223,"2023-04-27 02:36:38,750 INFO mapred.MapTask: (EQUATOR) 0 kvi 26214396(104857584)"
0.0009080422170998308,0.04486315450223482,0.020240266810810138,"2023-04-27 02:36:38,750 INFO mapred.MapTask: bufstart = 0; bufvoid = 104857600"
0.0009080422170998308,0.04486315450223482,0.020240266810810138,"2023-04-27 02:36:38,750 INFO mapred.MapTask: kvstart = 26214396; length = 6553600"
0.0008388121464124615,0.09598329623462021,0.008739147115369751,"2023-04-27 02:36:40,761 INFO mapred.LocalJobRunner: map"
0.0008249354284579529,0.04486315450223482,0.018387815961912787,"2023-04-27 02:36:38,727 INFO mapred.Task: Task 'attempt_local1225399970_0001_m_000006_0' done."
0.0008072018531591915,0.04486315450223482,0.017992534455395497,"2023-04-27 02:36:38,727 INFO mapred.LocalJobRunner: Starting task: attempt_local1225399970_0001_m_000007_0"
0.0007663135622394249,0.025962975712742104,0.029515629129650715,"2023-04-27 02:36:37,236 INFO mapred.MapTask: Finished spill 1"
0.0007232624532238325,0.04486363950015149,0.016121350413877817,"2023-04-27 02:36:49,776 INFO mapred.LocalJobRunner: reduce > sort"
0.0007173673989218879,0.04151803441668681,0.017278452821783048,"2023-04-27 02:35:56,196 INFO mapred.MapTask: Spilling map output"
0.0007131692354048411,0.012021377987571066,0.05932508204485281,"2023-04-27 02:35:58,184 INFO mapred.Merger: Down to the last merge-pass, with 2 segments left of total size: 139586498 bytes"
0.0006875121866556311,0.04486315450223482,0.015324651025629134,"2023-04-27 02:36:38,644 INFO mapred.LocalJobRunner: map > sort >"
0.0006875121866556311,0.04486315450223482,0.015324651025629134,"2023-04-27 02:36:38,727 INFO mapred.LocalJobRunner: map > sort"
0.000662732435826187,0.0022317233739406585,0.29695993847838287,"2023-04-27 02:37:02,487 INFO mapred.Task: Task attempt_local1225399970_0001_r_000000_0 is allowed to commit now"
0.0005747418524057901,0.0693697620796317,0.008285192786822968,"2023-04-27 02:36:39,083 INFO mapred.LocalJobRunner:"
0.0005650016308481938,0.012021377987571066,0.04699973925055434,"2023-04-27 02:35:58,177 INFO mapred.Merger: Merging 2 sorted segments"
0.0005036498941691082,0.005439418857026369,0.09259259259259259,"2023-04-27 02:37:00,063 INFO org.apache.hadoop.hdfs.server.datanode.DataNode.clienttrace: src: /127.0.0.1:37504, dest: /127.0.0.1:9866, bytes: 134217728, op: HDFS_WRITE, cliID: DFSClient_NONMAPREDUCE_-726048446_1, offset: 0, srvID: 23913617-7dfa-4524-b05f-08da4267fd29, blockid: BP-1357873352-10.142.0.8-1682562890108:blk_1073741838_1014, duration: 1374524859"
0.00043023538172841646,0.005475585608458797,0.0785734006356836,"2023-04-27 02:35:59,788 INFO output.FileOutputCommitter: FileOutputCommitter skip cleanup _temporary folders under output directory:false, ignore cleanup failures: false"
0.00040795641427697764,0.005439418857026369,0.075,"2023-04-27 02:37:00,063 INFO org.apache.hadoop.hdfs.server.datanode.DataNode: PacketResponder: BP-1357873352-10.142.0.8-1682562890108:blk_1073741838_1014, type=LAST_IN_PIPELINE terminating"
0.000404173195568367,0.041517443157955684,0.009735021350680606,"2023-04-27 02:36:58,779 INFO mapred.LocalJobRunner: reduce > reduce"
0.00038828590785612235,0.005475585608458797,0.07091221571922651,"2023-04-27 02:35:59,790 INFO mapred.MapTask: Processing split: hdfs://localhost:9000/input/part-m-00000:134217728+134217728"
0.00038823106786925536,0.02361649559515652,0.016438978692032414,"2023-04-27 02:36:59,447 INFO mapreduce.Job:  map 100% reduce 89%"
0.00035481853430849444,0.012021377987571066,0.029515629129650715,"2023-04-27 02:35:58,170 INFO mapred.MapTask: Finished spill 1"
0.0003478974503730239,0.006230443462861607,0.05583831270547098,"2023-04-27 02:36:35,188 INFO mapred.MapTask: (RESET) equator 75355282 kv 18838816(75355264) kvi 18127932(72511728)"
0.0003439849192722013,0.04151803441668681,0.008285192786822968,"2023-04-27 02:35:56,195 INFO mapred.LocalJobRunner:"
0.0003401994388810257,0.005475585608458797,0.06213023833569119,"2023-04-27 02:35:59,813 INFO mapred.MapTask: Map output collector class = org.apache.hadoop.mapred.MapTask$MapOutputBuffer"
0.0003326846898368808,0.005475585608458797,0.06075782822625267,"2023-04-27 02:35:59,787 INFO output.FileOutputCommitter: File Output Committer Algorithm version is 2"
0.0003298739487073094,0.005475585608458797,0.06024450575619041,"2023-04-27 02:35:59,812 INFO mapred.MapTask: soft limit at 83886080"
0.0002835929951808938,0.0022317233739406585,0.12707354257805722,"2023-04-27 02:37:02,503 INFO mapred.LocalJobRunner: reduce task executor complete."
0.00028330306547012335,0.005439418857026369,0.05208333333333333,"2023-04-27 02:37:00,130 INFO org.apache.hadoop.hdfs.server.datanode.DataNode: Receiving BP-1357873352-10.142.0.8-1682562890108:blk_1073741839_1015 src: /127.0.0.1:37516 dest: /127.0.0.1:9866"
0.0002813791607122363,0.0008139644670257793,0.3456897347624938,"2023-04-27 02:37:03,449 INFO mapreduce.Job: Job job_local1225399970_0001 completed successfully"
0.0002774041579577669,0.0022317233739406585,0.12430042235384281,"2023-04-27 02:37:02,501 INFO output.FileOutputCommitter: Saved output of task 'attempt_local1225399970_0001_r_000000_0' to hdfs://localhost:9000/output"
0.0002577368285862377,0.005475585608458797,0.0470701851849564,"2023-04-27 02:35:59,788 INFO mapred.Task:  Using ResourceCalculatorProcessTree : [ ]"
0.00024151921630662438,0.005475585608458797,0.04410838101654744,"2023-04-27 02:35:59,780 INFO mapred.Task: Task:attempt_local1225399970_0001_m_000000_0 is done. And is in the process of committing"
0.000237477778263914,0.005475585608458797,0.04337029776268194,"2023-04-27 02:35:59,812 INFO mapred.MapTask: mapreduce.task.io.sort.mb: 100"
0.0002210237876175654,0.013445104574817074,0.016438978692032414,"2023-04-27 02:36:36,343 INFO mapreduce.Job:  map 75% reduce 0%"
0.00021529550952551537,0.0008139644670257793,0.2645023440792246,"2023-04-27 02:37:03,472 INFO mapreduce.Job: Counters: 35"
0.00020510228721143582,0.002215104701883507,0.09259259259259259,"2023-04-27 02:37:01,474 INFO org.apache.hadoop.hdfs.server.datanode.DataNode.clienttrace: src: /127.0.0.1:37516, dest: /127.0.0.1:9866, bytes: 134217728, op: HDFS_WRITE, cliID: DFSClient_NONMAPREDUCE_-726048446_1, offset: 0, srvID: 23913617-7dfa-4524-b05f-08da4267fd29, blockid: BP-1357873352-10.142.0.8-1682562890108:blk_1073741839_1015, duration: 1342548529"
0.00018422342250670645,0.012021377987571066,0.015324651025629134,"2023-04-27 02:35:58,204 INFO mapred.LocalJobRunner: map > sort >"
0.00018389545856307992,0.006230443462861607,0.029515629129650715,"2023-04-27 02:36:35,187 INFO mapred.MapTask: Finished spill 0"
0.0001820404590216758,0.006230443462861607,0.029217897587351778,"2023-04-27 02:36:35,442 INFO mapred.MapTask: Starting flush of map output"
0.00017431534795234017,0.006230443462861607,0.02797800012011956,"2023-04-27 02:36:35,442 INFO mapred.MapTask: bufstart = 75355282; bufend = 34888038; bufvoid = 104857600"
0.00017431534795234017,0.006230443462861607,0.02797800012011956,"2023-04-27 02:36:35,442 INFO mapred.MapTask: kvstart = 18838816(75355264); kvend = 16313708(65254832); length = 2525109/6553600"
0.000166132852641263,0.002215104701883507,0.075,"2023-04-27 02:37:01,474 INFO org.apache.hadoop.hdfs.server.datanode.DataNode: PacketResponder: BP-1357873352-10.142.0.8-1682562890108:blk_1073741839_1015, type=LAST_IN_PIPELINE terminating"
0.00015074118124782648,0.0008139644670257793,0.18519381048491435,"2023-04-27 02:37:03,473 INFO terasort.TeraSort: done"
0.00014034705278827842,0.005475585608458797,0.025631423344284383,"2023-04-27 02:35:59,786 INFO mapred.LocalJobRunner: Finishing task: attempt_local1225399970_0001_m_000000_0"
0.00011551722051820214,0.0022317233739406585,0.05176144224103724,"2023-04-27 02:37:02,484 INFO mapred.Task: Task:attempt_local1225399970_0001_r_000000_0 is done. And is in the process of committing"
0.00011537003655643265,0.002215104701883507,0.05208333333333333,"2023-04-27 02:37:01,480 INFO org.apache.hadoop.hdfs.server.datanode.DataNode: Receiving BP-1357873352-10.142.0.8-1682562890108:blk_1073741840_1016 src: /127.0.0.1:37526 dest: /127.0.0.1:9866"
0.00011515583983333291,0.005475585608458797,0.02103078064480223,"2023-04-27 02:35:59,812 INFO mapred.MapTask: (EQUATOR) 0 kvi 26214396(104857584)"
0.00011082731366063822,0.005475585608458797,0.020240266810810138,"2023-04-27 02:35:59,812 INFO mapred.MapTask: bufstart = 0; bufvoid = 104857600"
0.00011082731366063822,0.005475585608458797,0.020240266810810138,"2023-04-27 02:35:59,812 INFO mapred.MapTask: kvstart = 26214396; length = 6553600"
0.00010765242343184088,0.006230443462861607,0.017278452821783048,"2023-04-27 02:36:35,442 INFO mapred.MapTask: Spilling map output"
0.00010068406045203861,0.005475585608458797,0.018387815961912787,"2023-04-27 02:35:59,786 INFO mapred.Task: Task 'attempt_local1225399970_0001_m_000000_0' done."
9.851966272366262e-05,0.005475585608458797,0.017992534455395497,"2023-04-27 02:35:59,786 INFO mapred.LocalJobRunner: Starting task: attempt_local1225399970_0001_m_000001_0"
9.00130351438535e-05,0.005475585608458797,0.016438978692032414,"2023-04-27 02:35:59,136 INFO mapreduce.Job:  map 8% reduce 0%"
8.709139891437008e-05,0.0022317233739406585,0.03902428048714152,"2023-04-27 02:37:02,503 INFO mapred.LocalJobRunner: Finishing task: attempt_local1225399970_0001_r_000000_0"
8.391143861058823e-05,0.005475585608458797,0.015324651025629134,"2023-04-27 02:35:59,786 INFO mapred.LocalJobRunner: map > sort"
7.51955499117055e-05,0.0022317233739406585,0.03369393841089238,"2023-04-27 02:37:02,503 INFO mapred.Task: Task 'attempt_local1225399970_0001_r_000000_0' done."
7.474072692337426e-05,0.000807199850772442,0.09259259259259259,"2023-04-27 02:37:02,480 INFO org.apache.hadoop.hdfs.server.datanode.DataNode.clienttrace: src: /127.0.0.1:37526, dest: /127.0.0.1:9866, bytes: 60475904, op: HDFS_WRITE, cliID: DFSClient_NONMAPREDUCE_-726048446_1, offset: 0, srvID: 23913617-7dfa-4524-b05f-08da4267fd29, blockid: BP-1357873352-10.142.0.8-1682562890108:blk_1073741840_1016, duration: 997811526"
6.244082307000587e-05,0.002231782929513371,0.02797800012011956,"2023-04-27 02:36:00,331 INFO mapred.MapTask: bufstart = 0; bufend = 72511698; bufvoid = 104857600"
6.244082307000587e-05,0.002231782929513371,0.02797800012011956,"2023-04-27 02:36:00,331 INFO mapred.MapTask: kvstart = 26214396(104857584); kvend = 23370804(93483216); length = 2843593/6553600"
6.053998880793314e-05,0.000807199850772442,0.075,"2023-04-27 02:37:02,480 INFO org.apache.hadoop.hdfs.server.datanode.DataNode: PacketResponder: BP-1357873352-10.142.0.8-1682562890108:blk_1073741840_1016, type=LAST_IN_PIPELINE terminating"
5.330368618622518e-05,0.005475456526091599,0.009735021350680606,"2023-04-27 02:37:01,780 INFO mapred.LocalJobRunner: reduce > reduce"
5.16204252372093e-05,0.006230443462861607,0.008285192786822968,"2023-04-27 02:36:35,442 INFO mapred.LocalJobRunner:"
4.6936137237409824e-05,0.002231782929513371,0.02103078064480223,"2023-04-27 02:36:00,331 INFO mapred.MapTask: (EQUATOR) 75355282 kvi 18838816(75355264)"
3.856175605605754e-05,0.002231782929513371,0.017278452821783048,"2023-04-27 02:36:00,330 INFO mapred.MapTask: Spilling map output"
3.668823202351199e-05,0.002231782929513371,0.016438978692032414,"2023-04-27 02:36:00,137 INFO mapreduce.Job:  map 100% reduce 0%"
3.668725299072117e-05,0.0022317233739406585,0.016438978692032414,"2023-04-27 02:37:02,448 INFO mapreduce.Job:  map 100% reduce 99%"
2.682133248168766e-05,0.0009586579586294262,0.02797800012011956,"2023-04-27 02:36:33,050 INFO mapred.MapTask: bufstart = 0; bufend = 72511698; bufvoid = 104857600"
2.682133248168766e-05,0.0009586579586294262,0.02797800012011956,"2023-04-27 02:36:33,050 INFO mapred.MapTask: kvstart = 26214396(104857584); kvend = 23370804(93483216); length = 2843593/6553600"
2.5010891915990333e-05,0.00031831245324301003,0.0785734006356836,"2023-04-27 02:36:32,642 INFO output.FileOutputCommitter: FileOutputCommitter skip cleanup _temporary folders under output directory:false, ignore cleanup failures: false"
2.257224135048453e-05,0.00031831245324301003,0.07091221571922651,"2023-04-27 02:36:32,643 INFO mapred.MapTask: Processing split: hdfs://localhost:9000/input/part-m-00000:536870912+134217728"
2.172587469412527e-05,0.0022317233739406585,0.009735021350680606,"2023-04-27 02:37:02,487 INFO mapred.LocalJobRunner: reduce > reduce"
2.172587469412527e-05,0.0022317233739406585,0.009735021350680606,"2023-04-27 02:37:02,502 INFO mapred.LocalJobRunner: reduce > reduce"
2.0161325241329354e-05,0.0009586579586294262,0.02103078064480223,"2023-04-27 02:36:33,050 INFO mapred.MapTask: (EQUATOR) 75355282 kvi 18838816(75355264)"
1.977682858520677e-05,0.00031831245324301003,0.06213023833569119,"2023-04-27 02:36:32,661 INFO mapred.MapTask: Map output collector class = org.apache.hadoop.mapred.MapTask$MapOutputBuffer"
1.9339973356415886e-05,0.00031831245324301003,0.06075782822625267,"2023-04-27 02:36:32,642 INFO output.FileOutputCommitter: File Output Committer Algorithm version is 2"
1.9176576421665608e-05,0.00031831245324301003,0.06024450575619041,"2023-04-27 02:36:32,660 INFO mapred.MapTask: soft limit at 83886080"
1.6564126310405385e-05,0.0009586579586294262,0.017278452821783048,"2023-04-27 02:36:33,050 INFO mapred.MapTask: Spilling map output"
1.575935775485643e-05,0.0009586579586294262,0.016438978692032414,"2023-04-27 02:36:33,342 INFO mapreduce.Job:  map 100% reduce 0%"
1.4983026120826256e-05,0.00031831245324301003,0.0470701851849564,"2023-04-27 02:36:32,642 INFO mapred.Task:  Using ResourceCalculatorProcessTree : [ ]"
1.4040246969954628e-05,0.00031831245324301003,0.04410838101654744,"2023-04-27 02:36:32,630 INFO mapred.Task: Task:attempt_local1225399970_0001_m_000005_0 is done. And is in the process of committing"
1.3805305878719118e-05,0.00031831245324301003,0.04337029776268194,"2023-04-27 02:36:32,660 INFO mapred.MapTask: mapreduce.task.io.sort.mb: 100"
1.3380744529508306e-05,0.0008139644670257793,0.016438978692032414,"2023-04-27 02:37:03,448 INFO mapreduce.Job:  map 100% reduce 100%"
8.158801244829319e-06,0.00031831245324301003,0.025631423344284383,"2023-04-27 02:36:32,635 INFO mapred.LocalJobRunner: Finishing task: attempt_local1225399970_0001_m_000005_0"
6.69435938066261e-06,0.00031831245324301003,0.02103078064480223,"2023-04-27 02:36:32,660 INFO mapred.MapTask: (EQUATOR) 0 kvi 26214396(104857584)"
6.4427289828420495e-06,0.00031831245324301003,0.020240266810810138,"2023-04-27 02:36:32,660 INFO mapred.MapTask: bufstart = 0; bufvoid = 104857600"
6.4427289828420495e-06,0.00031831245324301003,0.020240266810810138,"2023-04-27 02:36:32,660 INFO mapred.MapTask: kvstart = 26214396; length = 6553600"
5.853070808617438e-06,0.00031831245324301003,0.018387815961912787,"2023-04-27 02:36:32,635 INFO mapred.Task: Task 'attempt_local1225399970_0001_m_000005_0' done."
5.727247782556326e-06,0.00031831245324301003,0.017992534455395497,"2023-04-27 02:36:32,636 INFO mapred.LocalJobRunner: Starting task: attempt_local1225399970_0001_m_000006_0"
5.610828346970023e-06,9.45776753031365e-05,0.05932508204485281,"2023-04-27 02:36:31,184 INFO mapred.Merger: Down to the last merge-pass, with 2 segments left of total size: 139586394 bytes"
5.232731636270406e-06,0.00031831245324301003,0.016438978692032414,"2023-04-27 02:36:32,341 INFO mapreduce.Job:  map 74% reduce 0%"
4.8780272630610194e-06,0.00031831245324301003,0.015324651025629134,"2023-04-27 02:36:32,247 INFO mapred.LocalJobRunner: map > sort >"
4.8780272630610194e-06,0.00031831245324301003,0.015324651025629134,"2023-04-27 02:36:32,635 INFO mapred.LocalJobRunner: map > sort"
4.445126078171008e-06,9.45776753031365e-05,0.04699973925055434,"2023-04-27 02:36:31,184 INFO mapred.Merger: Merging 2 sorted segments"
4.332301943357058e-06,7.758654825779833e-05,0.05583831270547098,"2023-04-27 02:36:03,088 INFO mapred.MapTask: (RESET) equator 75355282 kv 18838816(75355264) kvi 18127932(72511728)"
2.7915195881919027e-06,9.45776753031365e-05,0.029515629129650715,"2023-04-27 02:36:31,182 INFO mapred.MapTask: Finished spill 1"
2.2900157838269234e-06,7.758654825779833e-05,0.029515629129650715,"2023-04-27 02:36:03,088 INFO mapred.MapTask: Finished spill 0"
2.266915821152478e-06,7.758654825779833e-05,0.029217897587351778,"2023-04-27 02:36:03,584 INFO mapred.MapTask: Starting flush of map output"
2.1707164564763436e-06,7.758654825779833e-05,0.02797800012011956,"2023-04-27 02:36:03,584 INFO mapred.MapTask: bufstart = 75355282; bufend = 34888038; bufvoid = 104857600"
2.1707164564763436e-06,7.758654825779833e-05,0.02797800012011956,"2023-04-27 02:36:03,584 INFO mapred.MapTask: kvstart = 18838816(75355264); kvend = 16313708(65254832); length = 2525109/6553600"
1.3405755136773622e-06,7.758654825779833e-05,0.017278452821783048,"2023-04-27 02:36:03,584 INFO mapred.MapTask: Spilling map output"
6.428195099800029e-07,7.758654825779833e-05,0.008285192786822968,"2023-04-27 02:36:03,583 INFO mapred.LocalJobRunner:"
4.13374355004935e-07,2.514598764005259e-05,0.016438978692032414,"2023-04-27 02:36:30,340 INFO mapreduce.Job:  map 63% reduce 0%"
3.340612521475803e-07,5.982653055969747e-06,0.05583831270547098,"2023-04-27 02:36:29,098 INFO mapred.MapTask: (RESET) equator 75355282 kv 18838816(75355264) kvi 18127932(72511728)"
3.333211502590399e-07,2.0276268769701174e-05,0.016438978692032414,"2023-04-27 02:36:04,139 INFO mapreduce.Job:  map 13% reduce 0%"
2.8130215079379325e-07,4.741706898628718e-06,0.05932508204485281,"2023-04-27 02:36:05,509 INFO mapred.Merger: Down to the last merge-pass, with 2 segments left of total size: 139586394 bytes"
2.2285898783810446e-07,4.741706898628718e-06,0.04699973925055434,"2023-04-27 02:36:05,508 INFO mapred.Merger: Merging 2 sorted segments"
1.7658176881137452e-07,5.982653055969747e-06,0.029515629129650715,"2023-04-27 02:36:29,097 INFO mapred.MapTask: Finished spill 0"
1.7480054428998122e-07,5.982653055969747e-06,0.029217897587351778,"2023-04-27 02:36:29,350 INFO mapred.MapTask: Starting flush of map output"
1.6738266791855524e-07,5.982653055969747e-06,0.02797800012011956,"2023-04-27 02:36:29,350 INFO mapred.MapTask: bufstart = 75355282; bufend = 34888038; bufvoid = 104857600"
1.6738266791855524e-07,5.982653055969747e-06,0.02797800012011956,"2023-04-27 02:36:29,350 INFO mapred.MapTask: kvstart = 18838816(75355264); kvend = 16313708(65254832); length = 2525109/6553600"
1.3995446226143155e-07,4.741706898628718e-06,0.029515629129650715,"2023-04-27 02:36:05,506 INFO mapred.MapTask: Finished spill 1"
1.0337098857666944e-07,5.982653055969747e-06,0.017278452821783048,"2023-04-27 02:36:29,350 INFO mapred.MapTask: Spilling map output"
7.266500348730333e-08,4.741706898628718e-06,0.015324651025629134,"2023-04-27 02:36:05,846 INFO mapred.LocalJobRunner: map > sort >"
4.956743394538493e-08,5.982653055969747e-06,0.008285192786822968,"2023-04-27 02:36:29,350 INFO mapred.LocalJobRunner:"
1.6311776462535207e-08,9.922621574076948e-07,0.016438978692032414,"2023-04-27 02:36:06,140 INFO mapreduce.Job:  map 21% reduce 0%"
1.4599526119267397e-08,1.8580748702681345e-07,0.0785734006356836,"2023-04-27 02:36:07,140 INFO output.FileOutputCommitter: FileOutputCommitter skip cleanup _temporary folders under output directory:false, ignore cleanup failures: false"
1.3176020602292778e-08,1.8580748702681345e-07,0.07091221571922651,"2023-04-27 02:36:07,142 INFO mapred.MapTask: Processing split: hdfs://localhost:9000/input/part-m-00000:268435456+134217728"
1.1544263453531768e-08,1.8580748702681345e-07,0.06213023833569119,"2023-04-27 02:36:07,161 INFO mapred.MapTask: Map output collector class = org.apache.hadoop.mapred.MapTask$MapOutputBuffer"
1.1289259379926802e-08,1.8580748702681345e-07,0.06075782822625267,"2023-04-27 02:36:07,140 INFO output.FileOutputCommitter: File Output Committer Algorithm version is 2"
1.1193880221730138e-08,1.8580748702681345e-07,0.06024450575619041,"2023-04-27 02:36:07,160 INFO mapred.MapTask: soft limit at 83886080"
8.745992823103492e-09,1.8580748702681345e-07,0.0470701851849564,"2023-04-27 02:36:07,141 INFO mapred.Task:  Using ResourceCalculatorProcessTree : [ ]"
8.195667433505883e-09,1.8580748702681345e-07,0.04410838101654744,"2023-04-27 02:36:07,132 INFO mapred.Task: Task:attempt_local1225399970_0001_m_000001_0 is done. And is in the process of committing"
8.05852603888856e-09,1.8580748702681345e-07,0.04337029776268194,"2023-04-27 02:36:07,160 INFO mapred.MapTask: mapreduce.task.io.sort.mb: 100"
5.1985218943553e-09,1.8580748702681345e-07,0.02797800012011956,"2023-04-27 02:36:07,606 INFO mapred.MapTask: bufstart = 0; bufend = 72511698; bufvoid = 104857600"
5.1985218943553e-09,1.8580748702681345e-07,0.02797800012011956,"2023-04-27 02:36:07,606 INFO mapred.MapTask: kvstart = 26214396(104857584); kvend = 23370804(93483216); length = 2843593/6553600"
4.7625103605218834e-09,1.8580748702681345e-07,0.025631423344284383,"2023-04-27 02:36:07,137 INFO mapred.LocalJobRunner: Finishing task: attempt_local1225399970_0001_m_000001_0"
3.90767650182285e-09,1.8580748702681345e-07,0.02103078064480223,"2023-04-27 02:36:07,160 INFO mapred.MapTask: (EQUATOR) 0 kvi 26214396(104857584)"
3.90767650182285e-09,1.8580748702681345e-07,0.02103078064480223,"2023-04-27 02:36:07,606 INFO mapred.MapTask: (EQUATOR) 75355282 kvi 18838816(75355264)"
3.7607931128688474e-09,1.8580748702681345e-07,0.020240266810810138,"2023-04-27 02:36:07,160 INFO mapred.MapTask: bufstart = 0; bufvoid = 104857600"
3.7607931128688474e-09,1.8580748702681345e-07,0.020240266810810138,"2023-04-27 02:36:07,160 INFO mapred.MapTask: kvstart = 26214396; length = 6553600"
3.4165938757945435e-09,1.8580748702681345e-07,0.018387815961912787,"2023-04-27 02:36:07,137 INFO mapred.Task: Task 'attempt_local1225399970_0001_m_000001_0' done."
3.343147612400393e-09,1.8580748702681345e-07,0.017992534455395497,"2023-04-27 02:36:07,137 INFO mapred.LocalJobRunner: Starting task: attempt_local1225399970_0001_m_000002_0"
3.2502373321221067e-09,4.136561871863329e-08,0.0785734006356836,"2023-04-27 02:36:26,245 INFO output.FileOutputCommitter: FileOutputCommitter skip cleanup _temporary folders under output directory:false, ignore cleanup failures: false"
3.210465898526862e-09,1.8580748702681345e-07,0.017278452821783048,"2023-04-27 02:36:07,606 INFO mapred.MapTask: Spilling map output"
3.0544853200538756e-09,1.8580748702681345e-07,0.016438978692032414,"2023-04-27 02:36:07,140 INFO mapreduce.Job:  map 100% reduce 0%"
2.933327677934998e-09,4.136561871863329e-08,0.07091221571922651,"2023-04-27 02:36:26,246 INFO mapred.MapTask: Processing split: hdfs://localhost:9000/input/part-m-00000:671088640+134217728"
2.8474348966350287e-09,1.8580748702681345e-07,0.015324651025629134,"2023-04-27 02:36:07,137 INFO mapred.LocalJobRunner: map > sort"
2.5700557498920153e-09,4.136561871863329e-08,0.06213023833569119,"2023-04-27 02:36:26,265 INFO mapred.MapTask: Map output collector class = org.apache.hadoop.mapred.MapTask$MapOutputBuffer"
2.5132851565793837e-09,4.136561871863329e-08,0.06075782822625267,"2023-04-27 02:36:26,245 INFO output.FileOutputCommitter: File Output Committer Algorithm version is 2"
2.4920512550030815e-09,4.136561871863329e-08,0.06024450575619041,"2023-04-27 02:36:26,264 INFO mapred.MapTask: soft limit at 83886080"
1.9470873333763677e-09,4.136561871863329e-08,0.0470701851849564,"2023-04-27 02:36:26,245 INFO mapred.Task:  Using ResourceCalculatorProcessTree : [ ]"
1.8245704714267042e-09,4.136561871863329e-08,0.04410838101654744,"2023-04-27 02:36:26,239 INFO mapred.Task: Task:attempt_local1225399970_0001_m_000004_0 is done. And is in the process of committing"
1.7940392009646958e-09,4.136561871863329e-08,0.04337029776268194,"2023-04-27 02:36:26,264 INFO mapred.MapTask: mapreduce.task.io.sort.mb: 100"
1.1573272854787421e-09,4.136561871863329e-08,0.02797800012011956,"2023-04-27 02:36:26,660 INFO mapred.MapTask: bufstart = 0; bufend = 72511698; bufvoid = 104857600"
1.1573272854787421e-09,4.136561871863329e-08,0.02797800012011956,"2023-04-27 02:36:26,660 INFO mapred.MapTask: kvstart = 26214396(104857584); kvend = 23370804(93483216); length = 2843593/6553600"
1.0602596852755444e-09,4.136561871863329e-08,0.025631423344284383,"2023-04-27 02:36:26,243 INFO mapred.LocalJobRunner: Finishing task: attempt_local1225399970_0001_m_000004_0"
8.699512535081019e-10,4.136561871863329e-08,0.02103078064480223,"2023-04-27 02:36:26,263 INFO mapred.MapTask: (EQUATOR) 0 kvi 26214396(104857584)"
8.699512535081019e-10,4.136561871863329e-08,0.02103078064480223,"2023-04-27 02:36:26,660 INFO mapred.MapTask: (EQUATOR) 75355282 kvi 18838816(75355264)"
8.3725115965938e-10,4.136561871863329e-08,0.020240266810810138,"2023-04-27 02:36:26,264 INFO mapred.MapTask: bufstart = 0; bufvoid = 104857600"
8.3725115965938e-10,4.136561871863329e-08,0.020240266810810138,"2023-04-27 02:36:26,264 INFO mapred.MapTask: kvstart = 26214396; length = 6553600"
7.606233841488837e-10,4.136561871863329e-08,0.018387815961912787,"2023-04-27 02:36:26,243 INFO mapred.Task: Task 'attempt_local1225399970_0001_m_000004_0' done."
7.442723200637624e-10,4.136561871863329e-08,0.017992534455395497,"2023-04-27 02:36:26,243 INFO mapred.LocalJobRunner: Starting task: attempt_local1225399970_0001_m_000005_0"
7.147338914737711e-10,4.136561871863329e-08,0.017278452821783048,"2023-04-27 02:36:26,660 INFO mapred.MapTask: Spilling map output"
6.800085246983498e-10,4.136561871863329e-08,0.016438978692032414,"2023-04-27 02:36:26,338 INFO mapreduce.Job:  map 100% reduce 0%"
6.339136713222874e-10,4.136561871863329e-08,0.015324651025629134,"2023-04-27 02:36:26,243 INFO mapred.LocalJobRunner: map > sort"
2.606779103694635e-10,4.668441751534561e-09,0.05583831270547098,"2023-04-27 02:36:09,970 INFO mapred.MapTask: (RESET) equator 75355282 kv 18838816(75355264) kvi 18127932(72511728)"
1.377919953516711e-10,4.668441751534561e-09,0.029515629129650715,"2023-04-27 02:36:09,969 INFO mapred.MapTask: Finished spill 0"
5.110149795251046e-11,8.613809908240009e-10,0.05932508204485281,"2023-04-27 02:36:24,747 INFO mapred.Merger: Down to the last merge-pass, with 2 segments left of total size: 139586394 bytes"
4.048468196411218e-11,8.613809908240009e-10,0.04699973925055434,"2023-04-27 02:36:24,746 INFO mapred.Merger: Merging 2 sorted segments"
2.5424201864492277e-11,8.613809908240009e-10,0.029515629129650715,"2023-04-27 02:36:24,745 INFO mapred.MapTask: Finished spill 1"
1.8301760199346656e-11,6.263886764826419e-10,0.029217897587351778,"2023-04-27 02:36:10,515 INFO mapred.MapTask: Starting flush of map output"
1.7525102465872887e-11,6.263886764826419e-10,0.02797800012011956,"2023-04-27 02:36:10,515 INFO mapred.MapTask: bufstart = 75355282; bufend = 34888038; bufvoid = 104857600"
1.7525102465872887e-11,6.263886764826419e-10,0.02797800012011956,"2023-04-27 02:36:10,515 INFO mapred.MapTask: kvstart = 18838816(75355264); kvend = 16313708(65254832); length = 2525109/6553600"
1.0823027194704452e-11,6.263886764826419e-10,0.017278452821783048,"2023-04-27 02:36:10,515 INFO mapred.MapTask: Spilling map output"
5.18975094414157e-12,6.263886764826419e-10,0.008285192786822968,"2023-04-27 02:36:10,515 INFO mapred.LocalJobRunner:"
3.0742537513519046e-12,1.0521817123086664e-10,0.029217897587351778,"2023-04-27 02:36:23,064 INFO mapred.MapTask: Starting flush of map output"
2.943794007335947e-12,1.0521817123086664e-10,0.02797800012011956,"2023-04-27 02:36:23,064 INFO mapred.MapTask: bufstart = 75355282; bufend = 34888038; bufvoid = 104857600"
2.943794007335947e-12,1.0521817123086664e-10,0.02797800012011956,"2023-04-27 02:36:23,064 INFO mapred.MapTask: kvstart = 18838816(75355264); kvend = 16313708(65254832); length = 2525109/6553600"
1.8180072076068196e-12,1.0521817123086664e-10,0.017278452821783048,"2023-04-27 02:36:23,064 INFO mapred.MapTask: Spilling map output"
1.7296792748788345e-12,1.0521817123086664e-10,0.016438978692032414,"2023-04-27 02:36:23,337 INFO mapreduce.Job:  map 50% reduce 0%"
1.2363337984824096e-12,7.520745793542706e-11,0.016438978692032414,"2023-04-27 02:36:11,330 INFO mapreduce.Job:  map 25% reduce 0%"
8.717528333246802e-13,1.0521817123086664e-10,0.008285192786822968,"2023-04-27 02:36:23,063 INFO mapred.LocalJobRunner:"
6.421900302232452e-13,1.1500885308096427e-11,0.05583831270547098,"2023-04-27 02:36:22,815 INFO mapred.MapTask: (RESET) equator 75355282 kv 18838816(75355264) kvi 18127932(72511728)"
4.793594858092562e-13,8.080216146129148e-12,0.05932508204485281,"2023-04-27 02:36:12,348 INFO mapred.Merger: Down to the last merge-pass, with 2 segments left of total size: 139586394 bytes"
3.7976805195618904e-13,8.080216146129148e-12,0.04699973925055434,"2023-04-27 02:36:12,347 INFO mapred.Merger: Merging 2 sorted segments"
3.3945586541642284e-13,1.1500885308096427e-11,0.029515629129650715,"2023-04-27 02:36:22,814 INFO mapred.MapTask: Finished spill 0"
2.3849266305656356e-13,8.080216146129148e-12,0.029515629129650715,"2023-04-27 02:36:12,346 INFO mapred.MapTask: Finished spill 1"
6.10387532661246e-14,7.768373619100336e-13,0.0785734006356836,"2023-04-27 02:36:13,838 INFO output.FileOutputCommitter: FileOutputCommitter skip cleanup _temporary folders under output directory:false, ignore cleanup failures: false"
5.508725858651914e-14,7.768373619100336e-13,0.07091221571922651,"2023-04-27 02:36:13,840 INFO mapred.MapTask: Processing split: hdfs://localhost:9000/input/part-m-00000:402653184+134217728"
4.826509044353998e-14,7.768373619100336e-13,0.06213023833569119,"2023-04-27 02:36:13,858 INFO mapred.MapTask: Map output collector class = org.apache.hadoop.mapred.MapTask$MapOutputBuffer"
4.7198950994665094e-14,7.768373619100336e-13,0.06075782822625267,"2023-04-27 02:36:13,837 INFO output.FileOutputCommitter: File Output Committer Algorithm version is 2"
4.6800182921212793e-14,7.768373619100336e-13,0.06024450575619041,"2023-04-27 02:36:13,857 INFO mapred.MapTask: soft limit at 83886080"
3.6565878483698274e-14,7.768373619100336e-13,0.0470701851849564,"2023-04-27 02:36:13,838 INFO mapred.Task:  Using ResourceCalculatorProcessTree : [ ]"
3.426503834701732e-14,7.768373619100336e-13,0.04410838101654744,"2023-04-27 02:36:13,831 INFO mapred.Task: Task:attempt_local1225399970_0001_m_000002_0 is done. And is in the process of committing"
3.369166769921447e-14,7.768373619100336e-13,0.04337029776268194,"2023-04-27 02:36:13,857 INFO mapred.MapTask: mapreduce.task.io.sort.mb: 100"
1.991144729277313e-14,7.768373619100336e-13,0.025631423344284383,"2023-04-27 02:36:13,836 INFO mapred.LocalJobRunner: Finishing task: attempt_local1225399970_0001_m_000002_0"
1.633749615501676e-14,7.768373619100336e-13,0.02103078064480223,"2023-04-27 02:36:13,856 INFO mapred.MapTask: (EQUATOR) 0 kvi 26214396(104857584)"
1.5723395473664957e-14,7.768373619100336e-13,0.020240266810810138,"2023-04-27 02:36:13,857 INFO mapred.MapTask: bufstart = 0; bufvoid = 104857600"
1.5723395473664957e-14,7.768373619100336e-13,0.020240266810810138,"2023-04-27 02:36:13,857 INFO mapred.MapTask: kvstart = 26214396; length = 6553600"
1.4284342443139535e-14,7.768373619100336e-13,0.018387815961912787,"2023-04-27 02:36:13,835 INFO mapred.Task: Task 'attempt_local1225399970_0001_m_000002_0' done."
1.3977273000404821e-14,7.768373619100336e-13,0.017992534455395497,"2023-04-27 02:36:13,836 INFO mapred.LocalJobRunner: Starting task: attempt_local1225399970_0001_m_000003_0"
1.1904761474941626e-14,7.768373619100336e-13,0.015324651025629134,"2023-04-27 02:36:13,331 INFO mapred.LocalJobRunner: map > sort >"
1.1904761474941626e-14,7.768373619100336e-13,0.015324651025629134,"2023-04-27 02:36:13,835 INFO mapred.LocalJobRunner: map > sort"
7.736117217459285e-15,9.845720249946744e-14,0.0785734006356836,"2023-04-27 02:36:20,328 INFO output.FileOutputCommitter: FileOutputCommitter skip cleanup _temporary folders under output directory:false, ignore cleanup failures: false"
6.981818382753803e-15,9.845720249946744e-14,0.07091221571922651,"2023-04-27 02:36:20,330 INFO mapred.MapTask: Processing split: hdfs://localhost:9000/input/part-m-00000:805306368+134217728"
6.117169457157322e-15,9.845720249946744e-14,0.06213023833569119,"2023-04-27 02:36:20,348 INFO mapred.MapTask: Map output collector class = org.apache.hadoop.mapred.MapTask$MapOutputBuffer"
5.982045797100017e-15,9.845720249946744e-14,0.06075782822625267,"2023-04-27 02:36:20,328 INFO output.FileOutputCommitter: File Output Committer Algorithm version is 2"
5.9315055027175714e-15,9.845720249946744e-14,0.06024450575619041,"2023-04-27 02:36:20,347 INFO mapred.MapTask: soft limit at 83886080"
4.634398754442684e-15,9.845720249946744e-14,0.0470701851849564,"2023-04-27 02:36:20,329 INFO mapred.Task:  Using ResourceCalculatorProcessTree : [ ]"
4.342787801669877e-15,9.845720249946744e-14,0.04410838101654744,"2023-04-27 02:36:20,321 INFO mapred.Task: Task:attempt_local1225399970_0001_m_000003_0 is done. And is in the process of committing"
4.2701181892825756e-15,9.845720249946744e-14,0.04337029776268194,"2023-04-27 02:36:20,347 INFO mapred.MapTask: mapreduce.task.io.sort.mb: 100"
2.754635623356736e-15,9.845720249946744e-14,0.02797800012011956,"2023-04-27 02:36:20,743 INFO mapred.MapTask: bufstart = 0; bufend = 72511698; bufvoid = 104857600"
2.754635623356736e-15,9.845720249946744e-14,0.02797800012011956,"2023-04-27 02:36:20,743 INFO mapred.MapTask: kvstart = 26214396(104857584); kvend = 23370804(93483216); length = 2843593/6553600"
2.523598238557784e-15,9.845720249946744e-14,0.025631423344284383,"2023-04-27 02:36:20,326 INFO mapred.LocalJobRunner: Finishing task: attempt_local1225399970_0001_m_000003_0"
2.0706318286671737e-15,9.845720249946744e-14,0.02103078064480223,"2023-04-27 02:36:20,347 INFO mapred.MapTask: (EQUATOR) 0 kvi 26214396(104857584)"
2.0706318286671737e-15,9.845720249946744e-14,0.02103078064480223,"2023-04-27 02:36:20,743 INFO mapred.MapTask: (EQUATOR) 75355282 kvi 18838816(75355264)"
1.9928000480351837e-15,9.845720249946744e-14,0.020240266810810138,"2023-04-27 02:36:20,347 INFO mapred.MapTask: bufstart = 0; bufvoid = 104857600"
1.9928000480351837e-15,9.845720249946744e-14,0.020240266810810138,"2023-04-27 02:36:20,347 INFO mapred.MapTask: kvstart = 26214396; length = 6553600"
1.869816364780714e-15,6.683166619318477e-14,0.02797800012011956,"2023-04-27 02:36:14,253 INFO mapred.MapTask: bufstart = 0; bufend = 72511698; bufvoid = 104857600"
1.869816364780714e-15,6.683166619318477e-14,0.02797800012011956,"2023-04-27 02:36:14,254 INFO mapred.MapTask: kvstart = 26214396(104857584); kvend = 23370804(93483216); length = 2843593/6553600"
1.810412919684987e-15,9.845720249946744e-14,0.018387815961912787,"2023-04-27 02:36:20,326 INFO mapred.Task: Task 'attempt_local1225399970_0001_m_000003_0' done."
1.7714946083535194e-15,9.845720249946744e-14,0.017992534455395497,"2023-04-27 02:36:20,326 INFO mapred.LocalJobRunner: Starting task: attempt_local1225399970_0001_m_000004_0"
1.701188128351788e-15,9.845720249946744e-14,0.017278452821783048,"2023-04-27 02:36:20,743 INFO mapred.MapTask: Spilling map output"
1.6185358539658657e-15,9.845720249946744e-14,0.016438978692032414,"2023-04-27 02:36:20,335 INFO mapreduce.Job:  map 100% reduce 0%"
1.508822269264039e-15,9.845720249946744e-14,0.015324651025629134,"2023-04-27 02:36:20,326 INFO mapred.LocalJobRunner: map > sort"
1.4055221118355139e-15,6.683166619318477e-14,0.02103078064480223,"2023-04-27 02:36:14,254 INFO mapred.MapTask: (EQUATOR) 75355282 kvi 18838816(75355264)"
1.154747791320096e-15,6.683166619318477e-14,0.017278452821783048,"2023-04-27 02:36:14,253 INFO mapred.MapTask: Spilling map output"
1.0986443365027876e-15,6.683166619318477e-14,0.016438978692032414,"2023-04-27 02:36:14,332 INFO mapreduce.Job:  map 100% reduce 0%"
1.1817178111567708e-16,7.711221672718365e-15,0.015324651025629134,"2023-04-27 02:36:19,840 INFO mapred.LocalJobRunner: map > sort >"
3.2061385717713165e-17,5.40435590016936e-16,0.05932508204485281,"2023-04-27 02:36:18,851 INFO mapred.Merger: Down to the last merge-pass, with 2 segments left of total size: 139586498 bytes"
2.5400331812515482e-17,5.40435590016936e-16,0.04699973925055434,"2023-04-27 02:36:18,850 INFO mapred.Merger: Merging 2 sorted segments"
1.9790379209405878e-17,3.544229445791767e-16,0.05583831270547098,"2023-04-27 02:36:16,385 INFO mapred.MapTask: (RESET) equator 75355282 kv 18838816(75355264) kvi 18127932(72511728)"
1.5951296443403848e-17,5.40435590016936e-16,0.029515629129650715,"2023-04-27 02:36:18,846 INFO mapred.MapTask: Finished spill 1"
1.0461016187237729e-17,3.544229445791767e-16,0.029515629129650715,"2023-04-27 02:36:16,384 INFO mapred.MapTask: Finished spill 0"
1.0355493297322039e-17,3.544229445791767e-16,0.029217897587351778,"2023-04-27 02:36:16,929 INFO mapred.MapTask: Starting flush of map output"
9.916045186009334e-18,3.544229445791767e-16,0.02797800012011956,"2023-04-27 02:36:16,929 INFO mapred.MapTask: bufstart = 75355282; bufend = 34888140; bufvoid = 104857600"
9.916045186009334e-18,3.544229445791767e-16,0.02797800012011956,"2023-04-27 02:36:16,930 INFO mapred.MapTask: kvstart = 18838816(75355264); kvend = 16313704(65254816); length = 2525113/6553600"
6.123880126868732e-18,3.544229445791767e-16,0.017278452821783048,"2023-04-27 02:36:16,929 INFO mapred.MapTask: Spilling map output"
2.9364624239119513e-18,3.544229445791767e-16,0.008285192786822968,"2023-04-27 02:36:16,929 INFO mapred.LocalJobRunner:"
5.5716597253050535e-19,3.3892979787153723e-17,0.016438978692032414,"2023-04-27 02:36:17,333 INFO mapreduce.Job:  map 38% reduce 0%"
2.736135512305454e-57,3.2264464823157003e-56,0.08480337508470501,"2023-04-27 02:36:51,132 INFO org.apache.hadoop.hdfs.StateChange: BLOCK* allocate blk_1073741833_1009, replicas=127.0.0.1:9866 for /output/_temporary/0/_temporary/attempt_local1225399970_0001_r_000000_0/part-r-00000"
1.309686829530982e-59,1.5443805487963354e-58,0.08480337508470501,"2023-04-27 02:36:52,812 INFO org.apache.hadoop.hdfs.StateChange: BLOCK* allocate blk_1073741834_1010, replicas=127.0.0.1:9866 for /output/_temporary/0/_temporary/attempt_local1225399970_0001_r_000000_0/part-r-00000"
2.1501182604990877e-64,2.5354159057366097e-63,0.08480337508470501,"2023-04-27 02:36:54,339 INFO org.apache.hadoop.hdfs.StateChange: BLOCK* allocate blk_1073741835_1011, replicas=127.0.0.1:9866 for /output/_temporary/0/_temporary/attempt_local1225399970_0001_r_000000_0/part-r-00000"
7.374411662683158e-67,8.695894067090255e-66,0.08480337508470501,"2023-04-27 02:36:55,807 INFO org.apache.hadoop.hdfs.StateChange: BLOCK* allocate blk_1073741836_1012, replicas=127.0.0.1:9866 for /output/_temporary/0/_temporary/attempt_local1225399970_0001_r_000000_0/part-r-00000"
6.215736714860901e-72,7.329586480080981e-71,0.08480337508470501,"2023-04-27 02:36:57,311 INFO org.apache.hadoop.hdfs.StateChange: BLOCK* allocate blk_1073741837_1013, replicas=127.0.0.1:9866 for /output/_temporary/0/_temporary/attempt_local1225399970_0001_r_000000_0/part-r-00000"
1.5275407797846406e-74,1.801273567542414e-73,0.08480337508470501,"2023-04-27 02:36:58,682 INFO org.apache.hadoop.hdfs.StateChange: BLOCK* allocate blk_1073741838_1014, replicas=127.0.0.1:9866 for /output/_temporary/0/_temporary/attempt_local1225399970_0001_r_000000_0/part-r-00000"
6.61040991787744e-80,7.794984469986834e-79,0.08480337508470501,"2023-04-27 02:37:00,065 INFO org.apache.hadoop.hdfs.StateChange: BLOCK* allocate blk_1073741839_1015, replicas=127.0.0.1:9866 for /output/_temporary/0/_temporary/attempt_local1225399970_0001_r_000000_0/part-r-00000"
2.5916271947426375e-82,1.3726209707873484e-81,0.18880865511300293,"2023-04-27 02:37:01,476 INFO org.apache.hadoop.hdfs.server.namenode.FSEditLog: Number of transactions: 28 Total time for transactions(ms): 5 Number of transactions batched in Syncs: 16 Number of syncs: 10 SyncTimes(ms): 719"
1.1640289103481142e-82,1.3726209707873484e-81,0.08480337508470501,"2023-04-27 02:37:01,476 INFO org.apache.hadoop.hdfs.StateChange: BLOCK* allocate blk_1073741840_1016, replicas=127.0.0.1:9866 for /output/_temporary/0/_temporary/attempt_local1225399970_0001_r_000000_0/part-r-00000"
5.112008315516479e-85,2.1628732167846933e-84,0.2363526570048309,"2023-04-27 02:37:02,649 INFO org.apache.hadoop.hdfs.StateChange: DIR* completeFile: /output/_SUCCESS is closed by DFSClient_NONMAPREDUCE_-726048446_1"
3.4666188762538803e-85,2.1628732167846933e-84,0.1602784134248665,"2023-04-27 02:37:02,483 INFO org.apache.hadoop.hdfs.StateChange: DIR* completeFile: /output/_temporary/0/_temporary/attempt_local1225399970_0001_r_000000_0/part-r-00000 is closed by DFSClient_NONMAPREDUCE_-726048446_1"
2.629363463395627e-85,2.1628732167846933e-84,0.12156808096705796,"2023-04-27 02:37:02,473 INFO org.apache.hadoop.hdfs.StateChange: BLOCK* fsync: /output/_temporary/0/_temporary/attempt_local1225399970_0001_r_000000_0/part-r-00000 for DFSClient_NONMAPREDUCE_-726048446_1"
